id,result,dps,push,nuke,durable,disable,initial,healing,ac,var
2761900047,1.0,0.0626666666666667,0.5004444444444446,-0.6222222222222222,0.23333333333333334,1.8333333333333333,0.75,-2.25,-1.237146743732952,2.1280336785071494
2761900051,0.0,0.09444444444444411,-0.4268888888888888,-0.7777777777777779,-0.7111111111111111,-0.8333333333333334,0.375,-2.625,2.425466218418809,1.7721719297569463
2761900067,1.0,-0.08955555555555533,0.6668888888888888,1.9555555555555557,0.9333333333333333,0.5,1.125,0.375,-1.948338247546077,1.8070683334581406
2761900088,0.0,-0.04822222222222208,1.3053333333333332,0.9222222222222223,0.30000000000000004,0.0,0.625,-1.5,-2.244403054204205,2.246029774991189
